code,gender,age
B8aBRlqgZUZ,male,52
B8R3ZxelhJq,male,52
B7WrCqIlTW2,male,52
B6N_-dOl-aW,male,50
BxsBuJ2l_Zd,male,51
BcuZBFnlXl8,male,49
Bcr15H0FT_O,male,31
Bbemft9lu2X,male,50
BB2vFWnrDf-,male,49
4PYfz-LDcj,male,48
37TyzxrDXz,male,48
zbGDmOLDa2,male,48
B9ic-xtJcyN,male,37
BzqMZHkn4IF,male,37
ByBwV_AHjoP,male,36
BWXRQuYhGrE,male,34
BKz-jv_jiMx,male,33
B_TZB1XFt04,male,32
Bvo07v1FS_a,male,32
BsDxLceHY_u,male,30
Br-sEmWn7cT,male,30
BpGAuLHHZqi,male,30
BoUWsiPnMvu,male,30
BUK-S3dh1UJ,male,29
BTIp8J7BNgZ,male,29
BQuNOQLhAdd,male,29
BONGMdjDC37,male,28
B2lYc6BA1Rx,male,66
B2J3ITNABXx,male,66
Buad06ygx3c,male,18
BsxjPPWAOa8,male,66
BihPndvAefJ,male,65
BcMFi-QAETn,male,63
BVxxHgHgBsS,male,63
BSpoZQdAHI9,male,63
BR49FwMgHNj,male,63
BPzOO1ahbsQ,male,63
sf8qxhm6d6,male,60
ocAKT4m6bP,male,60
BEWaVLFjceI,male,70
BEWaVLFjceI,male,67
ZER_x8DcaI,male,66
Ugz4LBDcfx,male,65
B7oZOtmBNex,male,82
B1y0a9KAtGq,male,81
Btd96AklAeW,male,81
BtoJ2eqFe45,male,81
Blq_BZIgZ-t,male,80
BkxuSUJAk4r,male,80
BX0wXblhGuN,male,80
BTMqwoVhxG8,male,79
BOtLc3OhzCg,male,79
CAGUnYLlUPf,male,83
B97Pjf6lyfv,male,83
BsyK1KVF-QZ,male,83
B5ShTrdBzwZ,male,43
BwmbzgihQPf,male,43
BsYCPmlBorX,male,43
BTIVxr0DVTd,male,40
CDv-6XBjz5M,male,51
CBwVkrtD4qC,male,51
B_7Tab2DGC1,male,51
B0f8rh6nm8y,male,50
BgecDrYDngo,male,50
BaGzMVgDtWF,male,49
BYvN3YcjElo,male,49
BWSRI9BDNLS,male,49
BOZju7MDH1b,male,47
BDIz3ApihOY,male,47
6qV9JgChOP,male,46
CEWAy6knxfn,male,41
CD8YXf-HCEK,male,41
CDcSVQbHUAY,male,41
CDPf-2mHTH7,male,41
CAs4sdenw7A,male,41
CAWQTIwHpjr,male,41
B5Pf4CDHkAd,male,40
Bs8ThJ0n3jV,male,40
BsWun6PHaGh,male,40
BntVBffBoCu,male,38
Bcub1IMjkMD,male,38
BY-PGL0DMIL,male,38
1_E7dmJDNa,male,35
d6MgJzJDEZ,male,33
hY7CRqJDBU,male,33
iUbqZpJDO0,male,33
ke46aSJDFs,male,33
mya2KbJDJf,male,33
s212iqpDJJ,male,33
xUh7O8pDLQ,male,34
BvAosEjnzTI,male,38
BNpienhjRvb,male,19
CEL9-CpDVpa,male,18
CERbT3SjBzu,male,18
CD3V8rZj83p,female,18
B_LU1VDjFX5,female,18
B2uOldfjvFT,female,18
B0T5EjsDj_i,female,18
BpH7mmKl-m,female,16
B37f_upBqr8,female,44
B3Vz9BmheZc,female,44
B_DgHwqDXMF,female,45
B1U0WY3F_Q5,female,45
B9PQi_-HaKE,female,57
B9E7vwtHgvC,female,57
B8T8pO-Hhcd,female,57
B3FQlrDHkop,female,56
B24QyU_Hmtf,female,56
B-AXbu5nkGQ,female,51
Bq8N0zaASy1,female,50
Bm_mGDZA7bJ,female,21
BsqgNPLgVyH,female,22
Bqe2TVlgmjw,female,21
B2zr56ABvhz,female,24
BqYkiUklpDX,female,34
BecDjIJgtmU,female,33
BbFp4xUAgVc,female,32
qmblHrGJvm,female,28
B9-GGjLF3To,female,39
B1h6HAelKUK,female,38
BvgB5hLFT9h,female,38
BppnjRYglwf,female,37
BpIbp09hERY,female,37
BjxuwnGhotS,female,36
Bjs2MfJB7D9,female,36
BcB8ZoBBKVi,female,35
BX3GRckBwBp,female,35
B64MXkDnVto,female,32
Bw4dRwNHlVK,female,30
BuPQw5UHtDT,female,30
Bm-Avw-jPCj,female,30
BkJ3-q_D3cW,female,29
BkLpMf2DSyq,female,29
BhUb38Gj64a,female,29
Bfy46a8jiPv,female,29
BeCy5VFDGC2,female,28
Bc9N7-uDtKu,female,28
BarpTWBDFqP,female,28
BaALE82DmTH,female,28
BZL-_gQg8Ud,female,28
BRCkexRjTgK,female,27
BGX0d2rjNBY,female,27
BBBCa5MjNI3,female,26
8lfyQQDNFu,female,25
BuU0VKYlcDF,female,33
BZRffNplS5n,female,31
B3aES2cJQJa,female,22
BnEg9LdgYCD,female,22
B2u7__WpNNC,female,22
B1O17iGASo8,female,15
BwgGVGPAW48,female,15
BrAo-aHnWaT,female,14
BqtZDKeHxOt,female,14
BpfSDVWH2Z9,female,14
BiMyWEdH0Qt,female,7
CC-HC_iDHg9,female,13
CBEl_PTDjfp,female,13
CAN_HhEjWJN,female,13
B_LO1NrD0H6,female,13
B-fnCQzjY-C,female,13
Bs_9CIUHGvu,female,12
BsgPsCUnZcd,female,12
BldNjhQhqFD,female,11
BWVhsn0nRu9,female,10
CEHhUqDDPEY,female,10
CBECiwzDcd3,female,10
B2uwQDgDsUZ,female,10
BwU1E34nqAS,female,10
BnjfPwwhdTO,female,9
BiGT6dwBdKr,female,3
B0mF6rNHKLc,female,12
BMpF2JtAbw-,female,9
9clS6EiERm,female,8
kQj6gHCETo,female,7
lxl5m1iETq,female,4
BzhcI8-BEL4,female,7
Bt4BVYXgGLV,female,2
BoClABJHkvV,male,2
BfE3Z6lHF6Q,female,6
Be3a_S6H6Eg,female,6
BcSUmbfHhMn,female,5
Bb9tUKKHHFp,female,5
BX12geEHyMi,female,5
BIq1S8YgbWv,female,4
BDeAgm_ybxY,female,4
B5na8VslE7X,female,3
BuCF1cmBJxL,male,5
BwbQ4HgBv8d,female,1
BxBwNifB_Hh,female,1
B1NiDNnlXMw,female,2
B2GITVMlRMI,female,2
B2yVf2il-tu,male,5
BtMOp35BzEc,male,12
Bhjz43LHy_J,male,12
BlgjzyfnYiJ,male,11
BtJnl4BB-RF,male,12
B5nhWcWAeta,male,12
BoxHtBJBExl,male,19
Bm9oJH9BU0u,male,19
Bn4hYkehuSu,male,19
CEIae02hJD7,male,21
CB1Bpfqpacv,male,13
B-XmWt-JDqX,male,13
B9Vz4Mkprty,male,13
B6bDl8QJFY3,male,12
B4Jg0Rug5GQ,male,12
B3JSTv2AyOF,male,12
BvrXc0Lg3KK,male,12
BouegZpn6f0,male,11
B9QDaMkJoyI,male,19
B3fqjvxnA4S,male,18
BtMM9G0HEjl,male,18
BgX4lHDnSjL,male,17
ByIT07oAhDz,male,12
Bxm9qjyjQ1e,male,12
BgMVzsZFkH1,male,4
BeXdNE9FRTg,male,3
BUhcI2QgV4N,male,1
B34eXA0hHvE,male,4
B2hlAOFh3eX,female,2
BxP4cqHBw46,male,4
oUhfYgHtYt,male,26
B9RlshnB7Hw,male,23
BzLsCOrh8lR,male,23
BueEMaeBrW6,male,22
BrychkdHZ4t,male,22
Bp01inRnFP-,male,21
B9fYdLmhZMU,male,21
BvDJhThleeW,male,20
BuFfG0vBoHJ,male,20
BgomBO-g35C,male,20
BcdE86Mgt2T,male,20
BWgjF4aAwWO,male,19
B0jrWFSJgR6,male,21
Bi-USmoBvxM,female,71
Bi9vZIlBMmn,female,71
B9fasyfjmKU,female,80
B7BwyJ7j5cC,female,80
BekTgANgDF4,female,78
BHvKyGOgpwy,female,98
CCyxnqIKw4G,female,90
CB5usnJqtBt,female,90
CBdNnj-KZZb,female,90
BrRb0canV3u,female,75
CDRd9UFD4Qi,female,70
