code,network,gender,age
1_E7dmJDNa,smahesh,male,28
1_E7dmJDNa,agender,male,33
37TyzxrDXz,smahesh,male,28
37TyzxrDXz,agender,male,43
4PYfz-LDcj,smahesh,male,28
4PYfz-LDcj,agender,male,40
6qV9JgChOP,smahesh,male,28
6qV9JgChOP,agender,male,44
8lfyQQDNFu,smahesh,male,50
8lfyQQDNFu,agender,female,27
9clS6EiERm,smahesh,female,1
9clS6EiERm,agender,female,22
B-AXbu5nkGQ,smahesh,female,28
B-AXbu5nkGQ,agender,female,45
B-fnCQzjY-C,smahesh,female,28
B-fnCQzjY-C,agender,female,15
B0f8rh6nm8y,smahesh,male,28
B0f8rh6nm8y,agender,male,46
B0jrWFSJgR6,smahesh,male,17
B0jrWFSJgR6,agender,male,27
B0mF6rNHKLc,smahesh,female,50
B0mF6rNHKLc,agender,,
B0T5EjsDj_i,smahesh,female,1
B0T5EjsDj_i,agender,,
B1h6HAelKUK,smahesh,female,28
B1h6HAelKUK,agender,male,41
B1NiDNnlXMw,smahesh,male,1
B1NiDNnlXMw,agender,female,10
B1U0WY3F_Q5,smahesh,male,28
B1U0WY3F_Q5,agender,female,41
B1y0a9KAtGq,smahesh,male,1
B1y0a9KAtGq,agender,male,69
B24QyU_Hmtf,smahesh,female,28
B24QyU_Hmtf,agender,female,41
B2GITVMlRMI,smahesh,female,5
B2GITVMlRMI,agender,male,36
B2hlAOFh3eX,smahesh,male,1
B2hlAOFh3eX,agender,female,11
B2J3ITNABXx,smahesh,male,28
B2J3ITNABXx,agender,male,60
B2lYc6BA1Rx,smahesh,male,50
B2lYc6BA1Rx,agender,male,68
B2u7__WpNNC,smahesh,female,28
B2u7__WpNNC,agender,female,28
B2uOldfjvFT,smahesh,male,10
B2uOldfjvFT,agender,female,20
B2uwQDgDsUZ,smahesh,male,28
B2uwQDgDsUZ,agender,female,11
B2yVf2il-tu,smahesh,female,1
B2yVf2il-tu,agender,male,35
B2zr56ABvhz,smahesh,male,10
B2zr56ABvhz,agender,female,24
B34eXA0hHvE,smahesh,male,5
B34eXA0hHvE,agender,male,34
B37f_upBqr8,smahesh,female,28
B37f_upBqr8,agender,male,39
B3aES2cJQJa,smahesh,male,28
B3aES2cJQJa,agender,female,24
B3fqjvxnA4S,smahesh,male,17
B3fqjvxnA4S,agender,male,29
B3FQlrDHkop,smahesh,female,28
B3FQlrDHkop,agender,female,46
B3Vz9BmheZc,smahesh,female,28
B3Vz9BmheZc,agender,female,30
B5na8VslE7X,smahesh,female,5
B5na8VslE7X,agender,,
B5Pf4CDHkAd,smahesh,male,28
B5Pf4CDHkAd,agender,,
B5ShTrdBzwZ,smahesh,male,28
B5ShTrdBzwZ,agender,,
B64MXkDnVto,smahesh,female,28
B64MXkDnVto,agender,female,27
B6bDl8QJFY3,smahesh,male,28
B6bDl8QJFY3,agender,male,17
B6N_-dOl-aW,smahesh,female,28
B6N_-dOl-aW,agender,male,39
B7BwyJ7j5cC,smahesh,female,28
B7BwyJ7j5cC,agender,female,65
B7oZOtmBNex,smahesh,male,80
B7oZOtmBNex,agender,male,65
B7WrCqIlTW2,smahesh,male,28
B7WrCqIlTW2,agender,,
B8aBRlqgZUZ,smahesh,male,28
B8aBRlqgZUZ,agender,male,44
B8R3ZxelhJq,smahesh,male,5
B8R3ZxelhJq,agender,male,41
B8T8pO-Hhcd,smahesh,female,28
B8T8pO-Hhcd,agender,female,43
B9-GGjLF3To,smahesh,male,28
B9-GGjLF3To,agender,female,43
B97Pjf6lyfv,smahesh,male,80
B97Pjf6lyfv,agender,male,71
B9E7vwtHgvC,smahesh,female,28
B9E7vwtHgvC,agender,female,41
B9fasyfjmKU,smahesh,female,28
B9fasyfjmKU,agender,female,59
B9fYdLmhZMU,smahesh,male,28
B9fYdLmhZMU,agender,male,40
B9fYdLmhZMU,agender,male,28
B9ic-xtJcyN,smahesh,male,28
B9ic-xtJcyN,agender,male,35
B9PQi_-HaKE,smahesh,female,28
B9PQi_-HaKE,agender,female,36
B9QDaMkJoyI,smahesh,male,10
B9QDaMkJoyI,agender,male,32
B9RlshnB7Hw,smahesh,male,10
B9RlshnB7Hw,agender,male,28
B9Vz4Mkprty,smahesh,male,17
B9Vz4Mkprty,agender,male,23
BaALE82DmTH,smahesh,female,28
BaALE82DmTH,agender,female,27
BaGzMVgDtWF,smahesh,male,28
BaGzMVgDtWF,agender,male,50
BarpTWBDFqP,smahesh,male,28
BarpTWBDFqP,agender,female,27
BB2vFWnrDf-,smahesh,male,10
BB2vFWnrDf-,agender,male,40
Bb9tUKKHHFp,smahesh,male,10
Bb9tUKKHHFp,agender,female,10
BBBCa5MjNI3,smahesh,female,28
BBBCa5MjNI3,agender,female,26
Bbemft9lu2X,smahesh,male,28
Bbemft9lu2X,agender,male,38
BbFp4xUAgVc,smahesh,male,10
BbFp4xUAgVc,agender,female,23
Bc9N7-uDtKu,smahesh,female,5
Bc9N7-uDtKu,agender,male,37
Bc9N7-uDtKu,agender,female,26
BcB8ZoBBKVi,smahesh,female,28
BcB8ZoBBKVi,agender,female,33
BcdE86Mgt2T,smahesh,male,28
BcdE86Mgt2T,agender,male,24
BcMFi-QAETn,smahesh,male,28
BcMFi-QAETn,agender,male,58
Bcr15H0FT_O,smahesh,female,10
Bcr15H0FT_O,agender,male,34
BcSUmbfHhMn,smahesh,male,5
BcSUmbfHhMn,agender,female,11
Bcub1IMjkMD,smahesh,male,28
Bcub1IMjkMD,agender,male,42
BcuZBFnlXl8,smahesh,male,40
BcuZBFnlXl8,agender,male,45
BDeAgm_ybxY,smahesh,male,5
BDeAgm_ybxY,agender,female,18
BDIz3ApihOY,smahesh,male,28
BDIz3ApihOY,agender,male,42
Be3a_S6H6Eg,smahesh,male,5
Be3a_S6H6Eg,agender,female,12
BecDjIJgtmU,smahesh,male,5
BecDjIJgtmU,agender,,
BeCy5VFDGC2,smahesh,female,28
BeCy5VFDGC2,agender,female,25
BekTgANgDF4,smahesh,female,40
BekTgANgDF4,agender,female,67
BEWaVLFjceI,smahesh,male,40
BEWaVLFjceI,agender,male,59
BeXdNE9FRTg,smahesh,female,5
BeXdNE9FRTg,agender,male,10
BfE3Z6lHF6Q,smahesh,female,5
BfE3Z6lHF6Q,agender,female,13
Bfy46a8jiPv,smahesh,female,5
Bfy46a8jiPv,agender,female,22
BgecDrYDngo,smahesh,male,40
BgecDrYDngo,agender,male,46
BgMVzsZFkH1,smahesh,,
BgMVzsZFkH1,agender,male,10
BgomBO-g35C,smahesh,male,10
BgomBO-g35C,agender,male,30
BGX0d2rjNBY,smahesh,female,28
BGX0d2rjNBY,agender,female,25
BgX4lHDnSjL,smahesh,male,28
BgX4lHDnSjL,agender,male,15
BhUb38Gj64a,smahesh,female,5
BhUb38Gj64a,agender,female,32
BHvKyGOgpwy,smahesh,female,10
BHvKyGOgpwy,agender,female,75
Bi-USmoBvxM,smahesh,female,28
Bi-USmoBvxM,agender,female,49
Bi9vZIlBMmn,smahesh,male,28
Bi9vZIlBMmn,agender,,
BiGT6dwBdKr,smahesh,male,10
BiGT6dwBdKr,agender,female,14
BihPndvAefJ,smahesh,male,28
BihPndvAefJ,agender,male,63
BIq1S8YgbWv,smahesh,female,5
BIq1S8YgbWv,agender,female,24
Bjs2MfJB7D9,smahesh,female,28
Bjs2MfJB7D9,agender,female,22
BjxuwnGhotS,smahesh,,
BjxuwnGhotS,agender,female,25
BkJ3-q_D3cW,smahesh,female,17
BkJ3-q_D3cW,agender,female,27
BkLpMf2DSyq,smahesh,female,5
BkLpMf2DSyq,agender,female,29
BkxuSUJAk4r,smahesh,male,10
BkxuSUJAk4r,agender,,
BKz-jv_jiMx,smahesh,male,28
BKz-jv_jiMx,agender,male,32
BldNjhQhqFD,smahesh,female,17
BldNjhQhqFD,agender,female,14
BlgjzyfnYiJ,smahesh,male,10
BlgjzyfnYiJ,agender,male,17
Blq_BZIgZ-t,smahesh,male,50
Blq_BZIgZ-t,agender,male,67
Bm-Avw-jPCj,smahesh,female,28
Bm-Avw-jPCj,agender,,
Bm9oJH9BU0u,smahesh,male,28
Bm9oJH9BU0u,agender,male,20
BMpF2JtAbw-,smahesh,male,28
BMpF2JtAbw-,agender,female,13
Bm_mGDZA7bJ,smahesh,female,5
Bm_mGDZA7bJ,agender,,
Bn4hYkehuSu,smahesh,male,28
Bn4hYkehuSu,agender,male,23
BnEg9LdgYCD,smahesh,female,28
BnEg9LdgYCD,agender,female,27
BNpienhjRvb,smahesh,male,10
BNpienhjRvb,agender,male,28
BntVBffBoCu,smahesh,male,28
BntVBffBoCu,agender,male,39
BoClABJHkvV,smahesh,male,5
BoClABJHkvV,agender,female,10
BONGMdjDC37,smahesh,male,28
BONGMdjDC37,agender,male,27
BOtLc3OhzCg,smahesh,male,80
BOtLc3OhzCg,agender,,
BouegZpn6f0,smahesh,male,17
BouegZpn6f0,agender,male,14
BoUWsiPnMvu,smahesh,male,28
BoUWsiPnMvu,agender,,
BoxHtBJBExl,smahesh,male,28
BoxHtBJBExl,agender,,
BOZju7MDH1b,smahesh,male,28
BOZju7MDH1b,agender,male,42
Bp01inRnFP-,smahesh,male,28
Bp01inRnFP-,agender,male,30
BpGAuLHHZqi,smahesh,male,10
BpGAuLHHZqi,agender,,
BpIbp09hERY,smahesh,female,10
BpIbp09hERY,agender,female,31
BpIbp09hERY,agender,female,37
BppnjRYglwf,smahesh,female,5
BppnjRYglwf,agender,female,30
BPzOO1ahbsQ,smahesh,male,28
BPzOO1ahbsQ,agender,male,62
Bq8N0zaASy1,smahesh,male,28
Bq8N0zaASy1,agender,female,50
Bqe2TVlgmjw,smahesh,male,28
Bqe2TVlgmjw,agender,female,19
BQuNOQLhAdd,smahesh,male,40
BQuNOQLhAdd,agender,male,27
BqYkiUklpDX,smahesh,female,28
BqYkiUklpDX,agender,female,32
Br-sEmWn7cT,smahesh,male,28
Br-sEmWn7cT,agender,,
BR49FwMgHNj,smahesh,male,17
BR49FwMgHNj,agender,male,45
BRCkexRjTgK,smahesh,female,10
BRCkexRjTgK,agender,female,29
BrRb0canV3u,smahesh,female,5
BrRb0canV3u,agender,female,62
BrychkdHZ4t,smahesh,male,28
BrychkdHZ4t,agender,male,26
Bs8ThJ0n3jV,smahesh,male,50
Bs8ThJ0n3jV,agender,male,37
BsDxLceHY_u,smahesh,male,10
BsDxLceHY_u,agender,,
BsgPsCUnZcd,smahesh,female,17
BsgPsCUnZcd,agender,female,21
BSpoZQdAHI9,smahesh,female,50
BSpoZQdAHI9,agender,male,59
BsqgNPLgVyH,smahesh,female,10
BsqgNPLgVyH,agender,female,25
BsWun6PHaGh,smahesh,male,40
BsWun6PHaGh,agender,male,41
BsxjPPWAOa8,smahesh,male,28
BsxjPPWAOa8,agender,male,56
BsYCPmlBorX,smahesh,male,28
BsYCPmlBorX,agender,male,40
BsyK1KVF-QZ,smahesh,male,80
BsyK1KVF-QZ,agender,male,72
Bs_9CIUHGvu,smahesh,female,17
Bs_9CIUHGvu,agender,female,32
Bt4BVYXgGLV,smahesh,male,5
Bt4BVYXgGLV,agender,female,14
Btd96AklAeW,smahesh,male,40
Btd96AklAeW,agender,male,59
BTIp8J7BNgZ,smahesh,male,40
BTIp8J7BNgZ,agender,male,28
BTIVxr0DVTd,smahesh,male,40
BTIVxr0DVTd,agender,male,35
BTMqwoVhxG8,smahesh,female,1
BTMqwoVhxG8,agender,,
BtoJ2eqFe45,smahesh,male,50
BtoJ2eqFe45,agender,male,69
Buad06ygx3c,smahesh,male,28
Buad06ygx3c,agender,,
BuCF1cmBJxL,smahesh,male,1
BuCF1cmBJxL,agender,male,10
BueEMaeBrW6,smahesh,male,10
BueEMaeBrW6,agender,male,24
BuFfG0vBoHJ,smahesh,male,17
BuFfG0vBoHJ,agender,male,23
BUhcI2QgV4N,smahesh,female,1
BUhcI2QgV4N,agender,female,11
BUK-S3dh1UJ,smahesh,male,10
BUK-S3dh1UJ,agender,male,26
BuPQw5UHtDT,smahesh,female,28
BuPQw5UHtDT,agender,female,28
BuU0VKYlcDF,smahesh,male,28
BuU0VKYlcDF,agender,female,29
BvAosEjnzTI,smahesh,male,28
BvAosEjnzTI,agender,male,33
BvDJhThleeW,smahesh,male,17
BvDJhThleeW,agender,male,29
BvgB5hLFT9h,smahesh,female,10
BvgB5hLFT9h,agender,female,29
Bvo07v1FS_a,smahesh,male,28
Bvo07v1FS_a,agender,,
BVxxHgHgBsS,smahesh,male,50
BVxxHgHgBsS,agender,male,61
Bw4dRwNHlVK,smahesh,female,28
Bw4dRwNHlVK,agender,female,28
BwbQ4HgBv8d,smahesh,male,10
BwbQ4HgBv8d,agender,female,12
BWgjF4aAwWO,smahesh,male,17
BWgjF4aAwWO,agender,male,24
BwmbzgihQPf,smahesh,male,28
BwmbzgihQPf,agender,male,39
BWSRI9BDNLS,smahesh,male,28
BWSRI9BDNLS,agender,male,41
BwU1E34nqAS,smahesh,male,5
BwU1E34nqAS,agender,female,12
BWVhsn0nRu9,smahesh,female,17
BWVhsn0nRu9,agender,female,17
BWXRQuYhGrE,smahesh,male,28
BWXRQuYhGrE,agender,,
BX0wXblhGuN,smahesh,male,80
BX0wXblhGuN,agender,male,73
BX12geEHyMi,smahesh,female,5
BX12geEHyMi,agender,female,12
BX3GRckBwBp,smahesh,female,28
BX3GRckBwBp,agender,female,32
BxBwNifB_Hh,smahesh,female,10
BxBwNifB_Hh,agender,male,11
Bxm9qjyjQ1e,smahesh,male,10
Bxm9qjyjQ1e,agender,male,19
BxP4cqHBw46,smahesh,male,10
BxP4cqHBw46,agender,male,11
BxsBuJ2l_Zd,smahesh,male,40
BxsBuJ2l_Zd,agender,male,41
BY-PGL0DMIL,smahesh,male,28
BY-PGL0DMIL,agender,male,35
ByBwV_AHjoP,smahesh,male,28
ByBwV_AHjoP,agender,male,41
ByIT07oAhDz,smahesh,male,10
ByIT07oAhDz,agender,male,13
BYvN3YcjElo,smahesh,male,28
BYvN3YcjElo,agender,male,45
BzhcI8-BEL4,smahesh,female,5
BzhcI8-BEL4,agender,female,13
BZL-_gQg8Ud,smahesh,female,28
BZL-_gQg8Ud,agender,female,27
BzLsCOrh8lR,smahesh,male,28
BzLsCOrh8lR,agender,male,33
BzqMZHkn4IF,smahesh,male,28
BzqMZHkn4IF,agender,male,39
BZRffNplS5n,smahesh,male,28
BZRffNplS5n,agender,female,31
B_7Tab2DGC1,smahesh,male,40
B_7Tab2DGC1,agender,male,46
B_DgHwqDXMF,smahesh,female,28
B_DgHwqDXMF,agender,female,41
B_LO1NrD0H6,smahesh,female,28
B_LO1NrD0H6,agender,female,23
B_LU1VDjFX5,smahesh,female,10
B_LU1VDjFX5,agender,female,25
B_TZB1XFt04,smahesh,male,28
B_TZB1XFt04,agender,,
CAGUnYLlUPf,smahesh,male,28
CAGUnYLlUPf,agender,male,41
CAN_HhEjWJN,smahesh,female,10
CAN_HhEjWJN,agender,female,25
CAs4sdenw7A,smahesh,male,28
CAs4sdenw7A,agender,male,38
CAWQTIwHpjr,smahesh,male,28
CAWQTIwHpjr,agender,male,49
CB1Bpfqpacv,smahesh,male,17
CB1Bpfqpacv,agender,male,18
CB5usnJqtBt,smahesh,male,28
CB5usnJqtBt,agender,female,69
CBdNnj-KZZb,smahesh,male,10
CBdNnj-KZZb,agender,female,67
CBECiwzDcd3,smahesh,male,10
CBECiwzDcd3,agender,male,10
CBEl_PTDjfp,smahesh,female,28
CBEl_PTDjfp,agender,female,23
CBwVkrtD4qC,smahesh,male,40
CBwVkrtD4qC,agender,male,50
CC-HC_iDHg9,smahesh,female,10
CC-HC_iDHg9,agender,female,14
CCyxnqIKw4G,smahesh,female,1
CCyxnqIKw4G,agender,female,76
CD3V8rZj83p,smahesh,female,17
CD3V8rZj83p,agender,female,17
CD8YXf-HCEK,smahesh,male,28
CD8YXf-HCEK,agender,,
CDcSVQbHUAY,smahesh,male,28
CDcSVQbHUAY,agender,male,45
CDPf-2mHTH7,smahesh,male,28
CDPf-2mHTH7,agender,male,45
CDRd9UFD4Qi,smahesh,female,28
CDRd9UFD4Qi,agender,male,43
CDv-6XBjz5M,smahesh,male,40
CDv-6XBjz5M,agender,male,46
CEHhUqDDPEY,smahesh,male,10
CEHhUqDDPEY,agender,male,10
CEIae02hJD7,smahesh,male,28
CEIae02hJD7,agender,male,25
CERbT3SjBzu,smahesh,male,28
CERbT3SjBzu,agender,male,25
CEWAy6knxfn,smahesh,male,28
CEWAy6knxfn,agender,male,41
d6MgJzJDEZ,smahesh,female,40
d6MgJzJDEZ,agender,male,33
hY7CRqJDBU,smahesh,female,28
hY7CRqJDBU,agender,male,36
iUbqZpJDO0,smahesh,male,10
iUbqZpJDO0,agender,male,38
ke46aSJDFs,smahesh,female,28
ke46aSJDFs,agender,male,38
kQj6gHCETo,smahesh,female,10
kQj6gHCETo,agender,,
lxl5m1iETq,smahesh,female,5
lxl5m1iETq,agender,,
mya2KbJDJf,smahesh,male,28
mya2KbJDJf,agender,male,34
ocAKT4m6bP,smahesh,male,28
ocAKT4m6bP,agender,male,52
oUhfYgHtYt,smahesh,male,28
oUhfYgHtYt,agender,male,25
s212iqpDJJ,smahesh,male,28
s212iqpDJJ,agender,male,37
sf8qxhm6d6,smahesh,male,28
sf8qxhm6d6,agender,male,47
Ugz4LBDcfx,smahesh,male,50
Ugz4LBDcfx,agender,,
xUh7O8pDLQ,smahesh,male,28
xUh7O8pDLQ,agender,male,34
zbGDmOLDa2,smahesh,male,40
zbGDmOLDa2,agender,male,45
ZER_x8DcaI,smahesh,male,28
ZER_x8DcaI,agender,male,47
